year,avgLivability,avgLivabilityDeviation,avgPhysicalDeviation,avgNuisanceDeviation,avgSocialDeviation,avgFacilitiesDeviation,avgHousingDeviation,dimensionScoresAvailable
2014,4.096813212885042181818182,-0.005451638258643675454545,-0.021649796731743740909091,-0.0345250885933522,0.002777515772358468181818,0.046775866276604188181818,0.001169865017489347272727,true
2016,4.108270007185361531531532,0.006005156041676522522523,0.0E0,0.0E0,0.0E0,0.0E0,0.0E0,false
2018,4.119671588414024954954955,0.017406737270339583783784,-0.018359760375350292792793,-0.023799989062357415315315,0.001641419143649796396396,0.04954270783741395045045,0.008382359726983263063063,true
2020,4.138644695913575855855856,0.03637984476989088018018,-0.014402817186447913513514,-0.024058746377776583783784,-0.001665013326298072072072,0.065204770659538456756757,0.011301651000874743243243,true
2022,4.146113074440349099099099,0.043848223296663800900901,-0.010174336738482391891892,-0.018860100235400389189189,-0.003584337595107503603604,0.066303610234318278378378,0.010163387631335461261261,true
2024,4.124803537191852342342342,0.022538686048167046846847,-0.01402331587595715045045,-0.024202575564209332432432,-0.006212835474864368468468,0.063653698774921723423423,0.003323714188275843243243,true
